ISO3,Location,DataId,Indicator,Value,Precision,DHS_CountryCode,CountryName,SurveyYear,SurveyId,IndicatorId,IndicatorOrder,IndicatorType,CharacteristicId,CharacteristicOrder,CharacteristicCategory,CharacteristicLabel,ByVariableId,ByVariableLabel,IsTotal,IsPreferred,SDRID,RegionId,SurveyYearLabel,SurveyType,DenominatorWeighted,DenominatorUnweighted,CILow,CIHigh,LevelRank
RWA,Butare/Gitarama,4196787,Women with secondary or higher education,9.1,1,RW,Rwanda,1992,RW1992DHS,ED_EDUC_W_SEH,231203100,I,442006,1442006,Region,Butare/Gitarama,0,,0,1,EDEDUCWSEH,RWDHS1992442006,1992,DHS,1643,1563,,,1
RWA,Butare,5583142,Women with secondary or higher education,9.4,1,RW,Rwanda,1992,RW1992DHS,ED_EDUC_W_SEH,231203100,I,442007,1442007,Region,..Butare,0,,0,1,EDEDUCWSEH,RWDHS1992442007,1992,DHS,773,780,,,
RWA,Gitarama,7622548,Women with secondary or higher education,8.7,1,RW,Rwanda,1992,RW1992DHS,ED_EDUC_W_SEH,231203100,I,442008,1442008,Region,..Gitarama,0,,0,1,EDEDUCWSEH,RWDHS1992442008,1992,DHS,871,783,,,
RWA,Byumba/Kibungo,5157680,Women with secondary or higher education,5.3,1,RW,Rwanda,1992,RW1992DHS,ED_EDUC_W_SEH,231203100,I,442009,1442009,Region,Byumba/Kibungo,0,,0,1,EDEDUCWSEH,RWDHS1992442009,1992,DHS,1084,1010,,,1
RWA,Byumba,6819247,Women with secondary or higher education,6.6,1,RW,Rwanda,1992,RW1992DHS,ED_EDUC_W_SEH,231203100,I,442010,1442010,Region,..Byumba,0,,0,1,EDEDUCWSEH,RWDHS1992442010,1992,DHS,518,498,,,
RWA,Kibungo,4753952,Women with secondary or higher education,4.1,1,RW,Rwanda,1992,RW1992DHS,ED_EDUC_W_SEH,231203100,I,442011,1442011,Region,..Kibungo,0,,0,1,EDEDUCWSEH,RWDHS1992442011,1992,DHS,567,512,,,
RWA,Cyangugu/Ginkongoro,2852281,Women with secondary or higher education,6.5,1,RW,Rwanda,1992,RW1992DHS,ED_EDUC_W_SEH,231203100,I,442013,1442013,Region,Cyangugu/Ginkongoro,0,,0,1,EDEDUCWSEH,RWDHS1992442013,1992,DHS,954,859,,,1
RWA,Cyangugu,7115351,Women with secondary or higher education,5,1,RW,Rwanda,1992,RW1992DHS,ED_EDUC_W_SEH,231203100,I,442014,1442014,Region,..Cyangugu,0,,0,1,EDEDUCWSEH,RWDHS1992442014,1992,DHS,451,406,,,
RWA,Gikongoro,3748399,Women with secondary or higher education,7.9,1,RW,Rwanda,1992,RW1992DHS,ED_EDUC_W_SEH,231203100,I,442015,1442015,Region,..Gikongoro,0,,0,1,EDEDUCWSEH,RWDHS1992442015,1992,DHS,503,453,,,
RWA,Kibuye/Ruhengeri/Gisenyi,7972405,Women with secondary or higher education,5.5,1,RW,Rwanda,1992,RW1992DHS,ED_EDUC_W_SEH,231203100,I,442016,1442016,Region,Kibuye/Ruhengeri/Gisenyi,0,,0,1,EDEDUCWSEH,RWDHS1992442016,1992,DHS,1723,1614,,,1
RWA,Kibuye,3614164,Women with secondary or higher education,6,1,RW,Rwanda,1992,RW1992DHS,ED_EDUC_W_SEH,231203100,I,442017,1442017,Region,..Kibuye,0,,0,1,EDEDUCWSEH,RWDHS1992442017,1992,DHS,456,412,,,
RWA,Ruhengeri,3149816,Women with secondary or higher education,6.4,1,RW,Rwanda,1992,RW1992DHS,ED_EDUC_W_SEH,231203100,I,442018,1442018,Region,..Ruhengeri,0,,0,1,EDEDUCWSEH,RWDHS1992442018,1992,DHS,634,614,,,
RWA,Gisenyi,6015223,Women with secondary or higher education,4.2,1,RW,Rwanda,1992,RW1992DHS,ED_EDUC_W_SEH,231203100,I,442019,1442019,Region,..Gisenyi,0,,0,1,EDEDUCWSEH,RWDHS1992442019,1992,DHS,633,588,,,
RWA,Kigali Prefecture 1992,3272487,Women with secondary or higher education,13.6,1,RW,Rwanda,1992,RW1992DHS,ED_EDUC_W_SEH,231203100,I,442020,1442020,Region,Kigali Prefecture 1992,0,,0,1,EDEDUCWSEH,RWDHS1992442020,1992,DHS,1146,1505,,,1
RWA,Butare/Gitarama,6367387,Men with secondary or higher education,6.6,1,RW,Rwanda,1992,RW1992DHS,ED_EDUC_M_SEH,231204230,I,442006,1442006,Region,Butare/Gitarama,0,,0,1,EDEDUCMSEH,RWDHS1992442006,1992,DHS,116,114,,,1
RWA,Butare,1919343,Men with secondary or higher education,4.9,1,RW,Rwanda,1992,RW1992DHS,ED_EDUC_M_SEH,231204230,I,442007,1442007,Region,..Butare,0,,0,1,EDEDUCMSEH,RWDHS1992442007,1992,DHS,44,46,,,
RWA,Gitarama,7625147,Men with secondary or higher education,7.6,1,RW,Rwanda,1992,RW1992DHS,ED_EDUC_M_SEH,231204230,I,442008,1442008,Region,..Gitarama,0,,0,1,EDEDUCMSEH,RWDHS1992442008,1992,DHS,72,68,,,
RWA,Byumba/Kibungo,4037227,Men with secondary or higher education,5.9,1,RW,Rwanda,1992,RW1992DHS,ED_EDUC_M_SEH,231204230,I,442009,1442009,Region,Byumba/Kibungo,0,,0,1,EDEDUCMSEH,RWDHS1992442009,1992,DHS,99,96,,,1
RWA,Byumba,6711974,Men with secondary or higher education,8,1,RW,Rwanda,1992,RW1992DHS,ED_EDUC_M_SEH,231204230,I,442010,1442010,Region,..Byumba,0,,0,1,EDEDUCMSEH,RWDHS1992442010,1992,DHS,41,41,,,
RWA,Kibungo,6457388,Men with secondary or higher education,4.4,1,RW,Rwanda,1992,RW1992DHS,ED_EDUC_M_SEH,231204230,I,442011,1442011,Region,..Kibungo,0,,0,1,EDEDUCMSEH,RWDHS1992442011,1992,DHS,58,55,,,
RWA,Cyangugu/Ginkongoro,7301773,Men with secondary or higher education,3.6,1,RW,Rwanda,1992,RW1992DHS,ED_EDUC_M_SEH,231204230,I,442013,1442013,Region,Cyangugu/Ginkongoro,0,,0,1,EDEDUCMSEH,RWDHS1992442013,1992,DHS,71,67,,,1
RWA,Cyangugu,710915,Men with secondary or higher education,0,1,RW,Rwanda,1992,RW1992DHS,ED_EDUC_M_SEH,231204230,I,442014,1442014,Region,..Cyangugu,0,,0,1,EDEDUCMSEH,RWDHS1992442014,1992,DHS,38,36,,,
RWA,Gikongoro,4926237,Men with secondary or higher education,7.9,1,RW,Rwanda,1992,RW1992DHS,ED_EDUC_M_SEH,231204230,I,442015,1442015,Region,..Gikongoro,0,,0,1,EDEDUCMSEH,RWDHS1992442015,1992,DHS,32,31,,,
RWA,Kibuye/Ruhengeri/Gisenyi,7972711,Men with secondary or higher education,6.5,1,RW,Rwanda,1992,RW1992DHS,ED_EDUC_M_SEH,231204230,I,442016,1442016,Region,Kibuye/Ruhengeri/Gisenyi,0,,0,1,EDEDUCMSEH,RWDHS1992442016,1992,DHS,156,147,,,1
RWA,Kibuye,4345146,Men with secondary or higher education,6.6,1,RW,Rwanda,1992,RW1992DHS,ED_EDUC_M_SEH,231204230,I,442017,1442017,Region,..Kibuye,0,,0,1,EDEDUCMSEH,RWDHS1992442017,1992,DHS,33,31,,,
RWA,Ruhengeri,6759325,Men with secondary or higher education,6,1,RW,Rwanda,1992,RW1992DHS,ED_EDUC_M_SEH,231204230,I,442018,1442018,Region,..Ruhengeri,0,,0,1,EDEDUCMSEH,RWDHS1992442018,1992,DHS,54,52,,,
RWA,Gisenyi,694185,Men with secondary or higher education,6.8,1,RW,Rwanda,1992,RW1992DHS,ED_EDUC_M_SEH,231204230,I,442019,1442019,Region,..Gisenyi,0,,0,1,EDEDUCMSEH,RWDHS1992442019,1992,DHS,69,64,,,
RWA,Kigali Prefecture 1992,7158427,Men with secondary or higher education,6.1,1,RW,Rwanda,1992,RW1992DHS,ED_EDUC_M_SEH,231204230,I,442020,1442020,Region,Kigali Prefecture 1992,0,,0,1,EDEDUCMSEH,RWDHS1992442020,1992,DHS,71,90,,,1
RWA,Butare/Gitarama,4794319,Final say in all of the decisions [Women],43.3,1,RW,Rwanda,2000,RW2000DHS,WE_DMAK_W_3DC,176403040,I,442006,1442006,Region,Butare/Gitarama,0,,0,1,WEDMAKW3DC,RWDHS2000442006,2000,DHS,861,775,,,
RWA,Butare,5845349,Final say in all of the decisions [Women],46.4,1,RW,Rwanda,2000,RW2000DHS,WE_DMAK_W_3DC,176403040,I,442007,1442007,Region,..Butare,0,,0,1,WEDMAKW3DC,RWDHS2000442007,2000,DHS,381,393,,,1
RWA,Gitarama,6135417,Final say in all of the decisions [Women],40.8,1,RW,Rwanda,2000,RW2000DHS,WE_DMAK_W_3DC,176403040,I,442008,1442008,Region,..Gitarama,0,,0,1,WEDMAKW3DC,RWDHS2000442008,2000,DHS,480,382,,,1
RWA,Byumba/Kibungo,2648183,Final say in all of the decisions [Women],36.8,1,RW,Rwanda,2000,RW2000DHS,WE_DMAK_W_3DC,176403040,I,442009,1442009,Region,Byumba/Kibungo,0,,0,1,WEDMAKW3DC,RWDHS2000442009,2000,DHS,1090,1076,,,
RWA,Byumba,1666814,Final say in all of the decisions [Women],31.7,1,RW,Rwanda,2000,RW2000DHS,WE_DMAK_W_3DC,176403040,I,442010,1442010,Region,..Byumba,0,,0,1,WEDMAKW3DC,RWDHS2000442010,2000,DHS,508,429,,,1
RWA,Kibungo,5343912,Final say in all of the decisions [Women],45.7,1,RW,Rwanda,2000,RW2000DHS,WE_DMAK_W_3DC,176403040,I,442011,1442011,Region,..Kibungo,0,,0,1,WEDMAKW3DC,RWDHS2000442011,2000,DHS,404,396,,,1
RWA,Umutara,2188843,Final say in all of the decisions [Women],31.1,1,RW,Rwanda,2000,RW2000DHS,WE_DMAK_W_3DC,176403040,I,442012,1442012,Region,..Umutara,0,,0,1,WEDMAKW3DC,RWDHS2000442012,2000,DHS,178,251,,,1
RWA,Cyangugu/Ginkongoro,6852186,Final say in all of the decisions [Women],35,1,RW,Rwanda,2000,RW2000DHS,WE_DMAK_W_3DC,176403040,I,442013,1442013,Region,Cyangugu/Ginkongoro,0,,0,1,WEDMAKW3DC,RWDHS2000442013,2000,DHS,697,773,,,
RWA,Cyangugu,5254354,Final say in all of the decisions [Women],32.8,1,RW,Rwanda,2000,RW2000DHS,WE_DMAK_W_3DC,176403040,I,442014,1442014,Region,..Cyangugu,0,,0,1,WEDMAKW3DC,RWDHS2000442014,2000,DHS,374,406,,,1
RWA,Gikongoro,6507149,Final say in all of the decisions [Women],37.6,1,RW,Rwanda,2000,RW2000DHS,WE_DMAK_W_3DC,176403040,I,442015,1442015,Region,..Gikongoro,0,,0,1,WEDMAKW3DC,RWDHS2000442015,2000,DHS,323,367,,,1
RWA,Kibuye/Ruhengeri/Gisenyi,5565076,Final say in all of the decisions [Women],39,1,RW,Rwanda,2000,RW2000DHS,WE_DMAK_W_3DC,176403040,I,442016,1442016,Region,Kibuye/Ruhengeri/Gisenyi,0,,0,1,WEDMAKW3DC,RWDHS2000442016,2000,DHS,1557,1187,,,
RWA,Kibuye,4600709,Final say in all of the decisions [Women],42.1,1,RW,Rwanda,2000,RW2000DHS,WE_DMAK_W_3DC,176403040,I,442017,1442017,Region,..Kibuye,0,,0,1,WEDMAKW3DC,RWDHS2000442017,2000,DHS,304,392,,,1
RWA,Ruhengeri,5018280,Final say in all of the decisions [Women],38,1,RW,Rwanda,2000,RW2000DHS,WE_DMAK_W_3DC,176403040,I,442018,1442018,Region,..Ruhengeri,0,,0,1,WEDMAKW3DC,RWDHS2000442018,2000,DHS,609,455,,,1
RWA,Gisenyi,2073737,Final say in all of the decisions [Women],38.5,1,RW,Rwanda,2000,RW2000DHS,WE_DMAK_W_3DC,176403040,I,442019,1442019,Region,..Gisenyi,0,,0,1,WEDMAKW3DC,RWDHS2000442019,2000,DHS,644,340,,,1
RWA,Kigali Prefecture 1992,7451245,Final say in all of the decisions [Women],42.2,1,RW,Rwanda,2000,RW2000DHS,WE_DMAK_W_3DC,176403040,I,442020,1442020,Region,Kigali Prefecture 1992,0,,0,1,WEDMAKW3DC,RWDHS2000442020,2000,DHS,847,1080,,,
RWA,Kigali Ville (PVK) 2000,1944992,Final say in all of the decisions [Women],40.9,1,RW,Rwanda,2000,RW2000DHS,WE_DMAK_W_3DC,176403040,I,442021,1442021,Region,..Kigali Ville (PVK) 2000,0,,0,1,WEDMAKW3DC,RWDHS2000442021,2000,DHS,206,606,,,1
RWA,Kigali Rurale 2000,6145462,Final say in all of the decisions [Women],42.6,1,RW,Rwanda,2000,RW2000DHS,WE_DMAK_W_3DC,176403040,I,442022,1442022,Region,..Kigali Rurale 2000,0,,0,1,WEDMAKW3DC,RWDHS2000442022,2000,DHS,641,474,,,1
RWA,Butare/Gitarama,3627054,Wife beating justified for at least one specific reason [Women],62.3,1,RW,Rwanda,2000,RW2000DHS,WE_AWBT_W_AGR,176433060,I,442006,1442006,Region,Butare/Gitarama,0,,0,1,WEAWBTWAGR,RWDHS2000442006,2000,DHS,2059,1897,,,
RWA,Butare,346868,Wife beating justified for at least one specific reason [Women],67.8,1,RW,Rwanda,2000,RW2000DHS,WE_AWBT_W_AGR,176433060,I,442007,1442007,Region,..Butare,0,,0,1,WEAWBTWAGR,RWDHS2000442007,2000,DHS,922,993,,,1
RWA,Gitarama,5890098,Wife beating justified for at least one specific reason [Women],57.9,1,RW,Rwanda,2000,RW2000DHS,WE_AWBT_W_AGR,176433060,I,442008,1442008,Region,..Gitarama,0,,0,1,WEAWBTWAGR,RWDHS2000442008,2000,DHS,1137,904,,,1
RWA,Byumba/Kibungo,6598402,Wife beating justified for at least one specific reason [Women],66.3,1,RW,Rwanda,2000,RW2000DHS,WE_AWBT_W_AGR,176433060,I,442009,1442009,Region,Byumba/Kibungo,0,,0,1,WEAWBTWAGR,RWDHS2000442009,2000,DHS,2112,2100,,,
RWA,Byumba,2662160,Wife beating justified for at least one specific reason [Women],69.7,1,RW,Rwanda,2000,RW2000DHS,WE_AWBT_W_AGR,176433060,I,442010,1442010,Region,..Byumba,0,,0,1,WEAWBTWAGR,RWDHS2000442010,2000,DHS,878,742,,,1
RWA,Kibungo,1674387,Wife beating justified for at least one specific reason [Women],65.4,1,RW,Rwanda,2000,RW2000DHS,WE_AWBT_W_AGR,176433060,I,442011,1442011,Region,..Kibungo,0,,0,1,WEAWBTWAGR,RWDHS2000442011,2000,DHS,890,871,,,1
RWA,Umutara,5330602,Wife beating justified for at least one specific reason [Women],59.8,1,RW,Rwanda,2000,RW2000DHS,WE_AWBT_W_AGR,176433060,I,442012,1442012,Region,..Umutara,0,,0,1,WEAWBTWAGR,RWDHS2000442012,2000,DHS,345,487,,,1
RWA,Cyangugu/Ginkongoro,2195781,Wife beating justified for at least one specific reason [Women],67.7,1,RW,Rwanda,2000,RW2000DHS,WE_AWBT_W_AGR,176433060,I,442013,1442013,Region,Cyangugu/Ginkongoro,0,,0,1,WEAWBTWAGR,RWDHS2000442013,2000,DHS,1400,1551,,,
RWA,Cyangugu,7548085,Wife beating justified for at least one specific reason [Women],67.4,1,RW,Rwanda,2000,RW2000DHS,WE_AWBT_W_AGR,176433060,I,442014,1442014,Region,..Cyangugu,0,,0,1,WEAWBTWAGR,RWDHS2000442014,2000,DHS,782,849,,,1
RWA,Gikongoro,4103031,Wife beating justified for at least one specific reason [Women],68.1,1,RW,Rwanda,2000,RW2000DHS,WE_AWBT_W_AGR,176433060,I,442015,1442015,Region,..Gikongoro,0,,0,1,WEAWBTWAGR,RWDHS2000442015,2000,DHS,618,702,,,1
RWA,Kibuye/Ruhengeri/Gisenyi,6448588,Wife beating justified for at least one specific reason [Women],66,1,RW,Rwanda,2000,RW2000DHS,WE_AWBT_W_AGR,176433060,I,442016,1442016,Region,Kibuye/Ruhengeri/Gisenyi,0,,0,1,WEAWBTWAGR,RWDHS2000442016,2000,DHS,2863,2188,,,
RWA,Kibuye,5565108,Wife beating justified for at least one specific reason [Women],72,1,RW,Rwanda,2000,RW2000DHS,WE_AWBT_W_AGR,176433060,I,442017,1442017,Region,..Kibuye,0,,0,1,WEAWBTWAGR,RWDHS2000442017,2000,DHS,561,722,,,1
RWA,Ruhengeri,3611029,Wife beating justified for at least one specific reason [Women],62.9,1,RW,Rwanda,2000,RW2000DHS,WE_AWBT_W_AGR,176433060,I,442018,1442018,Region,..Ruhengeri,0,,0,1,WEAWBTWAGR,RWDHS2000442018,2000,DHS,1140,852,,,1
RWA,Gisenyi,5122976,Wife beating justified for at least one specific reason [Women],66.1,1,RW,Rwanda,2000,RW2000DHS,WE_AWBT_W_AGR,176433060,I,442019,1442019,Region,..Gisenyi,0,,0,1,WEAWBTWAGR,RWDHS2000442019,2000,DHS,1163,614,,,1
RWA,Kigali Prefecture 1992,2374639,Wife beating justified for at least one specific reason [Women],54.3,1,RW,Rwanda,2000,RW2000DHS,WE_AWBT_W_AGR,176433060,I,442020,1442020,Region,Kigali Prefecture 1992,0,,0,1,WEAWBTWAGR,RWDHS2000442020,2000,DHS,1987,2685,,,
RWA,Kigali Ville (PVK) 2000,7465133,Wife beating justified for at least one specific reason [Women],47,1,RW,Rwanda,2000,RW2000DHS,WE_AWBT_W_AGR,176433060,I,442021,1442021,Region,..Kigali Ville (PVK) 2000,0,,0,1,WEAWBTWAGR,RWDHS2000442021,2000,DHS,553,1625,,,1
RWA,Kigali Rurale 2000,4117259,Wife beating justified for at least one specific reason [Women],57.2,1,RW,Rwanda,2000,RW2000DHS,WE_AWBT_W_AGR,176433060,I,442022,1442022,Region,..Kigali Rurale 2000,0,,0,1,WEAWBTWAGR,RWDHS2000442022,2000,DHS,1434,1060,,,1
RWA,Butare/Gitarama,3030168,Wife beating justified for at least one specific reason [Men],44.1,1,RW,Rwanda,2000,RW2000DHS,WE_AWBT_M_AGR,176434060,I,442006,1442006,Region,Butare/Gitarama,0,,0,1,WEAWBTMAGR,RWDHS2000442006,2000,DHS,450,403,,,
RWA,Butare,1882606,Wife beating justified for at least one specific reason [Men],55.5,1,RW,Rwanda,2000,RW2000DHS,WE_AWBT_M_AGR,176434060,I,442007,1442007,Region,..Butare,0,,0,1,WEAWBTMAGR,RWDHS2000442007,2000,DHS,202,211,,,1
RWA,Gitarama,4924119,Wife beating justified for at least one specific reason [Men],34.9,1,RW,Rwanda,2000,RW2000DHS,WE_AWBT_M_AGR,176434060,I,442008,1442008,Region,..Gitarama,0,,0,1,WEAWBTMAGR,RWDHS2000442008,2000,DHS,248,192,,,1
RWA,Byumba/Kibungo,2561321,Wife beating justified for at least one specific reason [Men],51.5,1,RW,Rwanda,2000,RW2000DHS,WE_AWBT_M_AGR,176434060,I,442009,1442009,Region,Byumba/Kibungo,0,,0,1,WEAWBTMAGR,RWDHS2000442009,2000,DHS,534,506,,,
RWA,Byumba,3444810,Wife beating justified for at least one specific reason [Men],48,1,RW,Rwanda,2000,RW2000DHS,WE_AWBT_M_AGR,176434060,I,442010,1442010,Region,..Byumba,0,,0,1,WEAWBTMAGR,RWDHS2000442010,2000,DHS,242,202,,,1
RWA,Kibungo,4117267,Wife beating justified for at least one specific reason [Men],57.7,1,RW,Rwanda,2000,RW2000DHS,WE_AWBT_M_AGR,176434060,I,442011,1442011,Region,..Kibungo,0,,0,1,WEAWBTMAGR,RWDHS2000442011,2000,DHS,227,213,,,1
RWA,Umutara,5862394,Wife beating justified for at least one specific reason [Men],42.9,1,RW,Rwanda,2000,RW2000DHS,WE_AWBT_M_AGR,176434060,I,442012,1442012,Region,..Umutara,0,,0,1,WEAWBTMAGR,RWDHS2000442012,2000,DHS,66,91,,,1
RWA,Cyangugu/Ginkongoro,7228731,Wife beating justified for at least one specific reason [Men],48.8,1,RW,Rwanda,2000,RW2000DHS,WE_AWBT_M_AGR,176434060,I,442013,1442013,Region,Cyangugu/Ginkongoro,0,,0,1,WEAWBTMAGR,RWDHS2000442013,2000,DHS,378,402,,,
RWA,Cyangugu,1780586,Wife beating justified for at least one specific reason [Men],50.2,1,RW,Rwanda,2000,RW2000DHS,WE_AWBT_M_AGR,176434060,I,442014,1442014,Region,..Cyangugu,0,,0,1,WEAWBTMAGR,RWDHS2000442014,2000,DHS,224,231,,,1
RWA,Gikongoro,4471123,Wife beating justified for at least one specific reason [Men],46.8,1,RW,Rwanda,2000,RW2000DHS,WE_AWBT_M_AGR,176434060,I,442015,1442015,Region,..Gikongoro,0,,0,1,WEAWBTMAGR,RWDHS2000442015,2000,DHS,154,171,,,1
RWA,Kibuye/Ruhengeri/Gisenyi,5497345,Wife beating justified for at least one specific reason [Men],49.2,1,RW,Rwanda,2000,RW2000DHS,WE_AWBT_M_AGR,176434060,I,442016,1442016,Region,Kibuye/Ruhengeri/Gisenyi,0,,0,1,WEAWBTMAGR,RWDHS2000442016,2000,DHS,663,489,,,
RWA,Kibuye,6695038,Wife beating justified for at least one specific reason [Men],50.9,1,RW,Rwanda,2000,RW2000DHS,WE_AWBT_M_AGR,176434060,I,442017,1442017,Region,..Kibuye,0,,0,1,WEAWBTMAGR,RWDHS2000442017,2000,DHS,137,171,,,1
RWA,Ruhengeri,2668575,Wife beating justified for at least one specific reason [Men],52.5,1,RW,Rwanda,2000,RW2000DHS,WE_AWBT_M_AGR,176434060,I,442018,1442018,Region,..Ruhengeri,0,,0,1,WEAWBTMAGR,RWDHS2000442018,2000,DHS,259,183,,,1
RWA,Gisenyi,1837109,Wife beating justified for at least one specific reason [Men],45.2,1,RW,Rwanda,2000,RW2000DHS,WE_AWBT_M_AGR,176434060,I,442019,1442019,Region,..Gisenyi,0,,0,1,WEAWBTMAGR,RWDHS2000442019,2000,DHS,268,135,,,1
RWA,Kigali Prefecture 1992,5411239,Wife beating justified for at least one specific reason [Men],47.5,1,RW,Rwanda,2000,RW2000DHS,WE_AWBT_M_AGR,176434060,I,442020,1442020,Region,Kigali Prefecture 1992,0,,0,1,WEAWBTMAGR,RWDHS2000442020,2000,DHS,506,733,,,
RWA,Kigali Ville (PVK) 2000,1681662,Wife beating justified for at least one specific reason [Men],41.7,1,RW,Rwanda,2000,RW2000DHS,WE_AWBT_M_AGR,176434060,I,442021,1442021,Region,..Kigali Ville (PVK) 2000,0,,0,1,WEAWBTMAGR,RWDHS2000442021,2000,DHS,176,496,,,1
RWA,Kigali Rurale 2000,7573074,Wife beating justified for at least one specific reason [Men],50.6,1,RW,Rwanda,2000,RW2000DHS,WE_AWBT_M_AGR,176434060,I,442022,1442022,Region,..Kigali Rurale 2000,0,,0,1,WEAWBTMAGR,RWDHS2000442022,2000,DHS,330,237,,,1
RWA,Butare/Gitarama,6973650,Women with secondary or higher education,8.5,1,RW,Rwanda,2000,RW2000DHS,ED_EDUC_W_SEH,231203100,I,442006,1442006,Region,Butare/Gitarama,0,,0,1,EDEDUCWSEH,RWDHS2000442006,2000,DHS,2059,1897,,,
RWA,Butare,2718535,Women with secondary or higher education,8.4,1,RW,Rwanda,2000,RW2000DHS,ED_EDUC_W_SEH,231203100,I,442007,1442007,Region,..Butare,0,,0,1,EDEDUCWSEH,RWDHS2000442007,2000,DHS,922,993,,,1
RWA,Gitarama,7140800,Women with secondary or higher education,8.5,1,RW,Rwanda,2000,RW2000DHS,ED_EDUC_W_SEH,231203100,I,442008,1442008,Region,..Gitarama,0,,0,1,EDEDUCWSEH,RWDHS2000442008,2000,DHS,1137,904,,,1
RWA,Byumba/Kibungo,2945816,Women with secondary or higher education,6.9,1,RW,Rwanda,2000,RW2000DHS,ED_EDUC_W_SEH,231203100,I,442009,1442009,Region,Byumba/Kibungo,0,,0,1,EDEDUCWSEH,RWDHS2000442009,2000,DHS,2112,2100,,,
RWA,Byumba,3301894,Women with secondary or higher education,5.9,1,RW,Rwanda,2000,RW2000DHS,ED_EDUC_W_SEH,231203100,I,442010,1442010,Region,..Byumba,0,,0,1,EDEDUCWSEH,RWDHS2000442010,2000,DHS,878,742,,,1
RWA,Kibungo,7373856,Women with secondary or higher education,9.2,1,RW,Rwanda,2000,RW2000DHS,ED_EDUC_W_SEH,231203100,I,442011,1442011,Region,..Kibungo,0,,0,1,EDEDUCWSEH,RWDHS2000442011,2000,DHS,890,871,,,1
RWA,Umutara,4641460,Women with secondary or higher education,3.5,1,RW,Rwanda,2000,RW2000DHS,ED_EDUC_W_SEH,231203100,I,442012,1442012,Region,..Umutara,0,,0,1,EDEDUCWSEH,RWDHS2000442012,2000,DHS,345,487,,,1
RWA,Cyangugu/Ginkongoro,4826670,Women with secondary or higher education,8.9,1,RW,Rwanda,2000,RW2000DHS,ED_EDUC_W_SEH,231203100,I,442013,1442013,Region,Cyangugu/Ginkongoro,0,,0,1,EDEDUCWSEH,RWDHS2000442013,2000,DHS,1400,1551,,,
RWA,Cyangugu,2904281,Women with secondary or higher education,11.9,1,RW,Rwanda,2000,RW2000DHS,ED_EDUC_W_SEH,231203100,I,442014,1442014,Region,..Cyangugu,0,,0,1,EDEDUCWSEH,RWDHS2000442014,2000,DHS,782,849,,,1
RWA,Gikongoro,5829476,Women with secondary or higher education,5.1,1,RW,Rwanda,2000,RW2000DHS,ED_EDUC_W_SEH,231203100,I,442015,1442015,Region,..Gikongoro,0,,0,1,EDEDUCWSEH,RWDHS2000442015,2000,DHS,618,702,,,1
RWA,Kibuye/Ruhengeri/Gisenyi,6203783,Women with secondary or higher education,9.6,1,RW,Rwanda,2000,RW2000DHS,ED_EDUC_W_SEH,231203100,I,442016,1442016,Region,Kibuye/Ruhengeri/Gisenyi,0,,0,1,EDEDUCWSEH,RWDHS2000442016,2000,DHS,2863,2188,,,
RWA,Kibuye,3348852,Women with secondary or higher education,2.4,1,RW,Rwanda,2000,RW2000DHS,ED_EDUC_W_SEH,231203100,I,442017,1442017,Region,..Kibuye,0,,0,1,EDEDUCWSEH,RWDHS2000442017,2000,DHS,561,722,,,1
RWA,Ruhengeri,6648497,Women with secondary or higher education,9.3,1,RW,Rwanda,2000,RW2000DHS,ED_EDUC_W_SEH,231203100,I,442018,1442018,Region,..Ruhengeri,0,,0,1,EDEDUCWSEH,RWDHS2000442018,2000,DHS,1140,852,,,1
RWA,Gisenyi,3131006,Women with secondary or higher education,13.5,1,RW,Rwanda,2000,RW2000DHS,ED_EDUC_W_SEH,231203100,I,442019,1442019,Region,..Gisenyi,0,,0,1,EDEDUCWSEH,RWDHS2000442019,2000,DHS,1163,614,,,1
RWA,Kigali Prefecture 1992,5088982,Women with secondary or higher education,19.5,1,RW,Rwanda,2000,RW2000DHS,ED_EDUC_W_SEH,231203100,I,442020,1442020,Region,Kigali Prefecture 1992,0,,0,1,EDEDUCWSEH,RWDHS2000442020,2000,DHS,1987,2685,,,
RWA,Kigali Ville (PVK) 2000,4380956,Women with secondary or higher education,38,1,RW,Rwanda,2000,RW2000DHS,ED_EDUC_W_SEH,231203100,I,442021,1442021,Region,..Kigali Ville (PVK) 2000,0,,0,1,EDEDUCWSEH,RWDHS2000442021,2000,DHS,553,1625,,,1
RWA,Kigali Rurale 2000,5707666,Women with secondary or higher education,12.4,1,RW,Rwanda,2000,RW2000DHS,ED_EDUC_W_SEH,231203100,I,442022,1442022,Region,..Kigali Rurale 2000,0,,0,1,EDEDUCWSEH,RWDHS2000442022,2000,DHS,1434,1060,,,1
RWA,Butare/Gitarama,4625527,Men with secondary or higher education,10.8,1,RW,Rwanda,2000,RW2000DHS,ED_EDUC_M_SEH,231204230,I,442006,1442006,Region,Butare/Gitarama,0,,0,1,EDEDUCMSEH,RWDHS2000442006,2000,DHS,450,403,,,
RWA,Butare,6297337,Men with secondary or higher education,10.7,1,RW,Rwanda,2000,RW2000DHS,ED_EDUC_M_SEH,231204230,I,442007,1442007,Region,..Butare,0,,0,1,EDEDUCMSEH,RWDHS2000442007,2000,DHS,202,211,,,1
RWA,Gitarama,719528,Men with secondary or higher education,10.9,1,RW,Rwanda,2000,RW2000DHS,ED_EDUC_M_SEH,231204230,I,442008,1442008,Region,..Gitarama,0,,0,1,EDEDUCMSEH,RWDHS2000442008,2000,DHS,248,192,,,1
RWA,Byumba/Kibungo,5822219,Men with secondary or higher education,9.7,1,RW,Rwanda,2000,RW2000DHS,ED_EDUC_M_SEH,231204230,I,442009,1442009,Region,Byumba/Kibungo,0,,0,1,EDEDUCMSEH,RWDHS2000442009,2000,DHS,534,506,,,
RWA,Byumba,7245211,Men with secondary or higher education,10.9,1,RW,Rwanda,2000,RW2000DHS,ED_EDUC_M_SEH,231204230,I,442010,1442010,Region,..Byumba,0,,0,1,EDEDUCMSEH,RWDHS2000442010,2000,DHS,242,202,,,1
RWA,Kibungo,2389467,Men with secondary or higher education,8.9,1,RW,Rwanda,2000,RW2000DHS,ED_EDUC_M_SEH,231204230,I,442011,1442011,Region,..Kibungo,0,,0,1,EDEDUCMSEH,RWDHS2000442011,2000,DHS,227,213,,,1
RWA,Umutara,3463999,Men with secondary or higher education,7.7,1,RW,Rwanda,2000,RW2000DHS,ED_EDUC_M_SEH,231204230,I,442012,1442012,Region,..Umutara,0,,0,1,EDEDUCMSEH,RWDHS2000442012,2000,DHS,66,91,,,1
RWA,Cyangugu/Ginkongoro,2028233,Men with secondary or higher education,14.8,1,RW,Rwanda,2000,RW2000DHS,ED_EDUC_M_SEH,231204230,I,442013,1442013,Region,Cyangugu/Ginkongoro,0,,0,1,EDEDUCMSEH,RWDHS2000442013,2000,DHS,378,402,,,
RWA,Cyangugu,4810358,Men with secondary or higher education,18.6,1,RW,Rwanda,2000,RW2000DHS,ED_EDUC_M_SEH,231204230,I,442014,1442014,Region,..Cyangugu,0,,0,1,EDEDUCMSEH,RWDHS2000442014,2000,DHS,224,231,,,1
RWA,Gikongoro,3780115,Men with secondary or higher education,9.4,1,RW,Rwanda,2000,RW2000DHS,ED_EDUC_M_SEH,231204230,I,442015,1442015,Region,..Gikongoro,0,,0,1,EDEDUCMSEH,RWDHS2000442015,2000,DHS,154,171,,,1
RWA,Kibuye/Ruhengeri/Gisenyi,4207763,Men with secondary or higher education,14.1,1,RW,Rwanda,2000,RW2000DHS,ED_EDUC_M_SEH,231204230,I,442016,1442016,Region,Kibuye/Ruhengeri/Gisenyi,0,,0,1,EDEDUCMSEH,RWDHS2000442016,2000,DHS,663,489,,,
RWA,Kibuye,6325603,Men with secondary or higher education,3.5,1,RW,Rwanda,2000,RW2000DHS,ED_EDUC_M_SEH,231204230,I,442017,1442017,Region,..Kibuye,0,,0,1,EDEDUCMSEH,RWDHS2000442017,2000,DHS,137,171,,,1
RWA,Ruhengeri,2255294,Men with secondary or higher education,12,1,RW,Rwanda,2000,RW2000DHS,ED_EDUC_M_SEH,231204230,I,442018,1442018,Region,..Ruhengeri,0,,0,1,EDEDUCMSEH,RWDHS2000442018,2000,DHS,259,183,,,1
RWA,Gisenyi,6914531,Men with secondary or higher education,21.5,1,RW,Rwanda,2000,RW2000DHS,ED_EDUC_M_SEH,231204230,I,442019,1442019,Region,..Gisenyi,0,,0,1,EDEDUCMSEH,RWDHS2000442019,2000,DHS,268,135,,,1
RWA,Kigali Prefecture 1992,694259,Men with secondary or higher education,24,1,RW,Rwanda,2000,RW2000DHS,ED_EDUC_M_SEH,231204230,I,442020,1442020,Region,Kigali Prefecture 1992,0,,0,1,EDEDUCMSEH,RWDHS2000442020,2000,DHS,506,733,,,
RWA,Kigali Ville (PVK) 2000,5558722,Men with secondary or higher education,41.3,1,RW,Rwanda,2000,RW2000DHS,ED_EDUC_M_SEH,231204230,I,442021,1442021,Region,..Kigali Ville (PVK) 2000,0,,0,1,EDEDUCMSEH,RWDHS2000442021,2000,DHS,176,496,,,1
RWA,Kigali Rurale 2000,3004196,Men with secondary or higher education,14.8,1,RW,Rwanda,2000,RW2000DHS,ED_EDUC_M_SEH,231204230,I,442022,1442022,Region,..Kigali Rurale 2000,0,,0,1,EDEDUCMSEH,RWDHS2000442022,2000,DHS,330,237,,,1
RWA,Kigali,1689047,Final say in all of the decisions [Women],42.2,1,RW,Rwanda,2005,RW2005DHS,WE_DMAK_W_3DC,176403040,I,442001,1442001,Region,Kigali,0,,0,1,WEDMAKW3DC,RWDHS2005442001,2005,DHS,407,481,,,1
RWA,South,5052388,Final say in all of the decisions [Women],57.4,1,RW,Rwanda,2005,RW2005DHS,WE_DMAK_W_3DC,176403040,I,442002,1442002,Region,South,0,,0,1,WEDMAKW3DC,RWDHS2005442002,2005,DHS,1411,1327,,,1
RWA,West,3606772,Final say in all of the decisions [Women],40,1,RW,Rwanda,2005,RW2005DHS,WE_DMAK_W_3DC,176403040,I,442003,1442003,Region,West,0,,0,1,WEDMAKW3DC,RWDHS2005442003,2005,DHS,1427,1478,,,1
RWA,North,7543951,Final say in all of the decisions [Women],52.4,1,RW,Rwanda,2005,RW2005DHS,WE_DMAK_W_3DC,176403040,I,442004,1442004,Region,North,0,,0,1,WEDMAKW3DC,RWDHS2005442004,2005,DHS,1058,921,,,1
RWA,East,3775104,Final say in all of the decisions [Women],40.3,1,RW,Rwanda,2005,RW2005DHS,WE_DMAK_W_3DC,176403040,I,442005,1442005,Region,East,0,,0,1,WEDMAKW3DC,RWDHS2005442005,2005,DHS,1208,1251,,,1
RWA,Kigali,2716209,Wife beating justified for at least one specific reason [Women],38,1,RW,Rwanda,2005,RW2005DHS,WE_AWBT_W_AGR,176433060,I,442001,1442001,Region,Kigali,0,,0,1,WEAWBTWAGR,RWDHS2005442001,2005,DHS,1127,1329,,,1
RWA,South,1674842,Wife beating justified for at least one specific reason [Women],41.3,1,RW,Rwanda,2005,RW2005DHS,WE_AWBT_W_AGR,176433060,I,442002,1442002,Region,South,0,,0,1,WEAWBTWAGR,RWDHS2005442002,2005,DHS,2958,2760,,,1
RWA,West,5123027,Wife beating justified for at least one specific reason [Women],54.4,1,RW,Rwanda,2005,RW2005DHS,WE_AWBT_W_AGR,176433060,I,442003,1442003,Region,West,0,,0,1,WEAWBTWAGR,RWDHS2005442003,2005,DHS,2824,2971,,,1
RWA,North,2306568,Wife beating justified for at least one specific reason [Women],44.1,1,RW,Rwanda,2005,RW2005DHS,WE_AWBT_W_AGR,176433060,I,442004,1442004,Region,North,0,,0,1,WEAWBTWAGR,RWDHS2005442004,2005,DHS,2063,1821,,,1
RWA,East,6801002,Wife beating justified for at least one specific reason [Women],57.1,1,RW,Rwanda,2005,RW2005DHS,WE_AWBT_W_AGR,176433060,I,442005,1442005,Region,East,0,,0,1,WEAWBTWAGR,RWDHS2005442005,2005,DHS,2348,2440,,,1
RWA,Kigali,6771556,Wife beating justified for at least one specific reason [Men],24.5,1,RW,Rwanda,2005,RW2005DHS,WE_AWBT_M_AGR,176434060,I,442001,1442001,Region,Kigali,0,,0,1,WEAWBTMAGR,RWDHS2005442001,2005,DHS,495,586,,,1
RWA,South,1674854,Wife beating justified for at least one specific reason [Men],28.8,1,RW,Rwanda,2005,RW2005DHS,WE_AWBT_M_AGR,176434060,I,442002,1442002,Region,South,0,,0,1,WEAWBTMAGR,RWDHS2005442002,2005,DHS,1139,1055,,,1
RWA,West,7272529,Wife beating justified for at least one specific reason [Men],37.2,1,RW,Rwanda,2005,RW2005DHS,WE_AWBT_M_AGR,176434060,I,442003,1442003,Region,West,0,,0,1,WEAWBTMAGR,RWDHS2005442003,2005,DHS,1065,1111,,,1
RWA,North,5453997,Wife beating justified for at least one specific reason [Men],29.7,1,RW,Rwanda,2005,RW2005DHS,WE_AWBT_M_AGR,176434060,I,442004,1442004,Region,North,0,,0,1,WEAWBTMAGR,RWDHS2005442004,2005,DHS,777,683,,,1
RWA,East,1682071,Wife beating justified for at least one specific reason [Men],28.2,1,RW,Rwanda,2005,RW2005DHS,WE_AWBT_M_AGR,176434060,I,442005,1442005,Region,East,0,,0,1,WEAWBTMAGR,RWDHS2005442005,2005,DHS,937,978,,,1
RWA,Kigali,2162721,Physical or sexual violence committed by husband/partner in last 12 months,27.8,1,RW,Rwanda,2005,RW2005DHS,DV_SPV1_W_POS,198303060,I,442001,1442001,Region,Kigali,631001,Ever-married,0,0,DVSPV1WPOS,RWDHS2005442001,2005,DHS,150,189,,,1
RWA,South,6594435,Physical or sexual violence committed by husband/partner in last 12 months,29.9,1,RW,Rwanda,2005,RW2005DHS,DV_SPV1_W_POS,198303060,I,442002,1442002,Region,South,631001,Ever-married,0,0,DVSPV1WPOS,RWDHS2005442002,2005,DHS,563,625,,,1
RWA,West,2708325,Physical or sexual violence committed by husband/partner in last 12 months,24.9,1,RW,Rwanda,2005,RW2005DHS,DV_SPV1_W_POS,198303060,I,442003,1442003,Region,West,631001,Ever-married,0,0,DVSPV1WPOS,RWDHS2005442003,2005,DHS,554,675,,,1
RWA,North,3971636,Physical or sexual violence committed by husband/partner in last 12 months,22.1,1,RW,Rwanda,2005,RW2005DHS,DV_SPV1_W_POS,198303060,I,442004,1442004,Region,North,631001,Ever-married,0,0,DVSPV1WPOS,RWDHS2005442004,2005,DHS,423,454,,,1
RWA,East,7744676,Physical or sexual violence committed by husband/partner in last 12 months,26.4,1,RW,Rwanda,2005,RW2005DHS,DV_SPV1_W_POS,198303060,I,442005,1442005,Region,East,631001,Ever-married,0,0,DVSPV1WPOS,RWDHS2005442005,2005,DHS,485,608,,,1
RWA,Kigali,2162722,Physical or sexual or emotional violence committed by husband/partner in last 12 months,28.8,1,RW,Rwanda,2005,RW2005DHS,DV_SPV1_W_ANY,198303070,I,442001,1442001,Region,Kigali,631001,Ever-married,0,0,DVSPV1WANY,RWDHS2005442001,2005,DHS,150,189,,,1
RWA,South,6594436,Physical or sexual or emotional violence committed by husband/partner in last 12 months,30.8,1,RW,Rwanda,2005,RW2005DHS,DV_SPV1_W_ANY,198303070,I,442002,1442002,Region,South,631001,Ever-married,0,0,DVSPV1WANY,RWDHS2005442002,2005,DHS,563,625,,,1
RWA,West,2708336,Physical or sexual or emotional violence committed by husband/partner in last 12 months,25.5,1,RW,Rwanda,2005,RW2005DHS,DV_SPV1_W_ANY,198303070,I,442003,1442003,Region,West,631001,Ever-married,0,0,DVSPV1WANY,RWDHS2005442003,2005,DHS,554,675,,,1
RWA,North,3971627,Physical or sexual or emotional violence committed by husband/partner in last 12 months,23,1,RW,Rwanda,2005,RW2005DHS,DV_SPV1_W_ANY,198303070,I,442004,1442004,Region,North,631001,Ever-married,0,0,DVSPV1WANY,RWDHS2005442004,2005,DHS,423,454,,,1
RWA,East,7744665,Physical or sexual or emotional violence committed by husband/partner in last 12 months,28.5,1,RW,Rwanda,2005,RW2005DHS,DV_SPV1_W_ANY,198303070,I,442005,1442005,Region,East,631001,Ever-married,0,0,DVSPV1WANY,RWDHS2005442005,2005,DHS,485,608,,,1
RWA,Kigali,2814923,Women with secondary or higher education,30.1,1,RW,Rwanda,2005,RW2005DHS,ED_EDUC_W_SEH,231203100,I,442001,1442001,Region,Kigali,0,,0,1,EDEDUCWSEH,RWDHS2005442001,2005,DHS,1127,1329,,,1
RWA,South,711793,Women with secondary or higher education,8.3,1,RW,Rwanda,2005,RW2005DHS,ED_EDUC_W_SEH,231203100,I,442002,1442002,Region,South,0,,0,1,EDEDUCWSEH,RWDHS2005442002,2005,DHS,2958,2760,,,1
RWA,West,6023056,Women with secondary or higher education,6.2,1,RW,Rwanda,2005,RW2005DHS,ED_EDUC_W_SEH,231203100,I,442003,1442003,Region,West,0,,0,1,EDEDUCWSEH,RWDHS2005442003,2005,DHS,2824,2971,,,1
RWA,North,6142168,Women with secondary or higher education,9.4,1,RW,Rwanda,2005,RW2005DHS,ED_EDUC_W_SEH,231203100,I,442004,1442004,Region,North,0,,0,1,EDEDUCWSEH,RWDHS2005442004,2005,DHS,2063,1821,,,1
RWA,East,6722235,Women with secondary or higher education,5.5,1,RW,Rwanda,2005,RW2005DHS,ED_EDUC_W_SEH,231203100,I,442005,1442005,Region,East,0,,0,1,EDEDUCWSEH,RWDHS2005442005,2005,DHS,2348,2440,,,1
RWA,Kigali,5618922,Men with secondary or higher education,33.6,1,RW,Rwanda,2005,RW2005DHS,ED_EDUC_M_SEH,231204230,I,442001,1442001,Region,Kigali,0,,0,1,EDEDUCMSEH,RWDHS2005442001,2005,DHS,495,586,,,1
RWA,South,2972010,Men with secondary or higher education,10.7,1,RW,Rwanda,2005,RW2005DHS,ED_EDUC_M_SEH,231204230,I,442002,1442002,Region,South,0,,0,1,EDEDUCMSEH,RWDHS2005442002,2005,DHS,1139,1055,,,1
RWA,West,2354059,Men with secondary or higher education,11.2,1,RW,Rwanda,2005,RW2005DHS,ED_EDUC_M_SEH,231204230,I,442003,1442003,Region,West,0,,0,1,EDEDUCMSEH,RWDHS2005442003,2005,DHS,1065,1111,,,1
RWA,North,6792125,Men with secondary or higher education,10.4,1,RW,Rwanda,2005,RW2005DHS,ED_EDUC_M_SEH,231204230,I,442004,1442004,Region,North,0,,0,1,EDEDUCMSEH,RWDHS2005442004,2005,DHS,777,683,,,1
RWA,East,4486737,Men with secondary or higher education,7.8,1,RW,Rwanda,2005,RW2005DHS,ED_EDUC_M_SEH,231204230,I,442005,1442005,Region,East,0,,0,1,EDEDUCMSEH,RWDHS2005442005,2005,DHS,937,978,,,1
RWA,Kigali,7892490,Women with secondary or higher education,33.6,1,RW,Rwanda,2008,RW2008DHS,ED_EDUC_W_SEH,231203100,I,442001,1442001,Region,Kigali,0,,0,1,EDEDUCWSEH,RWDHS2008442001,2007-08,DHS,685,970,,,1
RWA,South,3583174,Women with secondary or higher education,8.9,1,RW,Rwanda,2008,RW2008DHS,ED_EDUC_W_SEH,231203100,I,442002,1442002,Region,South,0,,0,1,EDEDUCWSEH,RWDHS2008442002,2007-08,DHS,1946,1824,,,1
RWA,West,5516214,Women with secondary or higher education,8.9,1,RW,Rwanda,2008,RW2008DHS,ED_EDUC_W_SEH,231203100,I,442003,1442003,Region,West,0,,0,1,EDEDUCWSEH,RWDHS2008442003,2007-08,DHS,1738,1862,,,1
RWA,North,7433313,Women with secondary or higher education,11.1,1,RW,Rwanda,2008,RW2008DHS,ED_EDUC_W_SEH,231203100,I,442004,1442004,Region,North,0,,0,1,EDEDUCWSEH,RWDHS2008442004,2007-08,DHS,1265,1036,,,1
RWA,East,4076344,Women with secondary or higher education,8.8,1,RW,Rwanda,2008,RW2008DHS,ED_EDUC_W_SEH,231203100,I,442005,1442005,Region,East,0,,0,1,EDEDUCWSEH,RWDHS2008442005,2007-08,DHS,1680,1621,,,1
RWA,Kigali,7892172,Men with secondary or higher education,40,1,RW,Rwanda,2008,RW2008DHS,ED_EDUC_M_SEH,231204230,I,442001,1442001,Region,Kigali,0,,0,1,EDEDUCMSEH,RWDHS2008442001,2007-08,DHS,730,1004,,,1
RWA,South,4752304,Men with secondary or higher education,11.8,1,RW,Rwanda,2008,RW2008DHS,ED_EDUC_M_SEH,231204230,I,442002,1442002,Region,South,0,,0,1,EDEDUCMSEH,RWDHS2008442002,2007-08,DHS,1557,1421,,,1
RWA,West,1876978,Men with secondary or higher education,13.7,1,RW,Rwanda,2008,RW2008DHS,ED_EDUC_M_SEH,231204230,I,442003,1442003,Region,West,0,,0,1,EDEDUCMSEH,RWDHS2008442003,2007-08,DHS,1540,1629,,,1
RWA,North,5218225,Men with secondary or higher education,14.6,1,RW,Rwanda,2008,RW2008DHS,ED_EDUC_M_SEH,231204230,I,442004,1442004,Region,North,0,,0,1,EDEDUCMSEH,RWDHS2008442004,2007-08,DHS,1015,851,,,1
RWA,East,6157223,Men with secondary or higher education,10.5,1,RW,Rwanda,2008,RW2008DHS,ED_EDUC_M_SEH,231204230,I,442005,1442005,Region,East,0,,0,1,EDEDUCMSEH,RWDHS2008442005,2007-08,DHS,1354,1320,,,1
RWA,Kigali,6619809,Do not own land [Women],65.7,1,RW,Rwanda,2010,RW2010DHS,WE_OWNA_W_LNO,176263090,I,442001,1442001,Region,Kigali,0,,0,1,WEOWNAWLNO,RWDHS2010442001,2010,DHS,1596,1890,,,1
RWA,South,3100987,Do not own land [Women],43,1,RW,Rwanda,2010,RW2010DHS,WE_OWNA_W_LNO,176263090,I,442002,1442002,Region,South,0,,0,1,WEOWNAWLNO,RWDHS2010442002,2010,DHS,3212,3340,,,1
RWA,West,6358893,Do not own land [Women],46.7,1,RW,Rwanda,2010,RW2010DHS,WE_OWNA_W_LNO,176263090,I,442003,1442003,Region,West,0,,0,1,WEOWNAWLNO,RWDHS2010442003,2010,DHS,3305,3138,,,1
RWA,North,7091637,Do not own land [Women],44.9,1,RW,Rwanda,2010,RW2010DHS,WE_OWNA_W_LNO,176263090,I,442004,1442004,Region,North,0,,0,1,WEOWNAWLNO,RWDHS2010442004,2010,DHS,2278,2199,,,1
RWA,East,3896774,Do not own land [Women],40.6,1,RW,Rwanda,2010,RW2010DHS,WE_OWNA_W_LNO,176263090,I,442005,1442005,Region,East,0,,0,1,WEOWNAWLNO,RWDHS2010442005,2010,DHS,3280,3104,,,1
RWA,Kigali,5539319,Do not own land [Men],59.9,1,RW,Rwanda,2010,RW2010DHS,WE_OWNA_M_LNO,176264090,I,442001,1442001,Region,Kigali,0,,0,1,WEOWNAMLNO,RWDHS2010442001,2010,DHS,739,876,,,1
RWA,South,6443795,Do not own land [Men],44.1,1,RW,Rwanda,2010,RW2010DHS,WE_OWNA_M_LNO,176264090,I,442002,1442002,Region,South,0,,0,1,WEOWNAMLNO,RWDHS2010442002,2010,DHS,1308,1373,,,1
RWA,West,5444177,Do not own land [Men],47.9,1,RW,Rwanda,2010,RW2010DHS,WE_OWNA_M_LNO,176264090,I,442003,1442003,Region,West,0,,0,1,WEOWNAMLNO,RWDHS2010442003,2010,DHS,1307,1243,,,1
RWA,North,1675078,Do not own land [Men],41.6,1,RW,Rwanda,2010,RW2010DHS,WE_OWNA_M_LNO,176264090,I,442004,1442004,Region,North,0,,0,1,WEOWNAMLNO,RWDHS2010442004,2010,DHS,899,859,,,1
RWA,East,2483490,Do not own land [Men],52.2,1,RW,Rwanda,2010,RW2010DHS,WE_OWNA_M_LNO,176264090,I,442005,1442005,Region,East,0,,0,1,WEOWNAMLNO,RWDHS2010442005,2010,DHS,1435,1344,,,1
RWA,Kigali,7567245,Final say in all of the decisions [Women],66.6,1,RW,Rwanda,2010,RW2010DHS,WE_DMAK_W_3DC,176403040,I,442001,1442001,Region,Kigali,0,,0,1,WEDMAKW3DC,RWDHS2010442001,2010,DHS,726,835,,,1
RWA,South,3129825,Final say in all of the decisions [Women],56.5,1,RW,Rwanda,2010,RW2010DHS,WE_DMAK_W_3DC,176403040,I,442002,1442002,Region,South,0,,0,1,WEDMAKW3DC,RWDHS2010442002,2010,DHS,1614,1682,,,1
RWA,West,1682344,Final say in all of the decisions [Women],60.4,1,RW,Rwanda,2010,RW2010DHS,WE_DMAK_W_3DC,176403040,I,442003,1442003,Region,West,0,,0,1,WEDMAKW3DC,RWDHS2010442003,2010,DHS,1675,1591,,,1
RWA,North,7230615,Final say in all of the decisions [Women],54.5,1,RW,Rwanda,2010,RW2010DHS,WE_DMAK_W_3DC,176403040,I,442004,1442004,Region,North,0,,0,1,WEDMAKW3DC,RWDHS2010442004,2010,DHS,1151,1108,,,1
RWA,East,1689631,Final say in all of the decisions [Women],58.8,1,RW,Rwanda,2010,RW2010DHS,WE_DMAK_W_3DC,176403040,I,442005,1442005,Region,East,0,,0,1,WEDMAKW3DC,RWDHS2010442005,2010,DHS,1731,1618,,,1
RWA,Kigali,4449293,Wife beating justified for at least one specific reason [Women],38.7,1,RW,Rwanda,2010,RW2010DHS,WE_AWBT_W_AGR,176433060,I,442001,1442001,Region,Kigali,0,,0,1,WEAWBTWAGR,RWDHS2010442001,2010,DHS,1596,1890,,,1
RWA,South,7553366,Wife beating justified for at least one specific reason [Women],54,1,RW,Rwanda,2010,RW2010DHS,WE_AWBT_W_AGR,176433060,I,442002,1442002,Region,South,0,,0,1,WEAWBTWAGR,RWDHS2010442002,2010,DHS,3212,3340,,,1
RWA,West,2075669,Wife beating justified for at least one specific reason [Women],62.8,1,RW,Rwanda,2010,RW2010DHS,WE_AWBT_W_AGR,176433060,I,442003,1442003,Region,West,0,,0,1,WEAWBTWAGR,RWDHS2010442003,2010,DHS,3305,3138,,,1
RWA,North,1675140,Wife beating justified for at least one specific reason [Women],62.7,1,RW,Rwanda,2010,RW2010DHS,WE_AWBT_W_AGR,176433060,I,442004,1442004,Region,North,0,,0,1,WEAWBTWAGR,RWDHS2010442004,2010,DHS,2278,2199,,,1
RWA,East,7216432,Wife beating justified for at least one specific reason [Women],55.8,1,RW,Rwanda,2010,RW2010DHS,WE_AWBT_W_AGR,176433060,I,442005,1442005,Region,East,0,,0,1,WEAWBTWAGR,RWDHS2010442005,2010,DHS,3280,3104,,,1
RWA,Kigali,4763926,Wife beating justified for at least one specific reason [Men],12.3,1,RW,Rwanda,2010,RW2010DHS,WE_AWBT_M_AGR,176434060,I,442001,1442001,Region,Kigali,0,,0,1,WEAWBTMAGR,RWDHS2010442001,2010,DHS,739,876,,,1
RWA,South,2130607,Wife beating justified for at least one specific reason [Men],26.3,1,RW,Rwanda,2010,RW2010DHS,WE_AWBT_M_AGR,176434060,I,442002,1442002,Region,South,0,,0,1,WEAWBTMAGR,RWDHS2010442002,2010,DHS,1308,1373,,,1
RWA,West,7493951,Wife beating justified for at least one specific reason [Men],33.7,1,RW,Rwanda,2010,RW2010DHS,WE_AWBT_M_AGR,176434060,I,442003,1442003,Region,West,0,,0,1,WEAWBTMAGR,RWDHS2010442003,2010,DHS,1307,1243,,,1
RWA,North,1673759,Wife beating justified for at least one specific reason [Men],21.9,1,RW,Rwanda,2010,RW2010DHS,WE_AWBT_M_AGR,176434060,I,442004,1442004,Region,North,0,,0,1,WEAWBTMAGR,RWDHS2010442004,2010,DHS,899,859,,,1
RWA,East,6492900,Wife beating justified for at least one specific reason [Men],24.9,1,RW,Rwanda,2010,RW2010DHS,WE_AWBT_M_AGR,176434060,I,442005,1442005,Region,East,0,,0,1,WEAWBTMAGR,RWDHS2010442005,2010,DHS,1435,1344,,,1
RWA,Kigali,1294553,Physical or sexual violence committed by husband/partner in last 12 months,30.7,1,RW,Rwanda,2010,RW2010DHS,DV_SPV1_W_POS,198303060,I,442001,1442001,Region,Kigali,631001,Ever-married,0,0,DVSPV1WPOS,RWDHS2010442001,2010,DHS,297,364,,,1
RWA,South,4673242,Physical or sexual violence committed by husband/partner in last 12 months,47.3,1,RW,Rwanda,2010,RW2010DHS,DV_SPV1_W_POS,198303060,I,442002,1442002,Region,South,631001,Ever-married,0,0,DVSPV1WPOS,RWDHS2010442002,2010,DHS,702,873,,,1
RWA,West,1301862,Physical or sexual violence committed by husband/partner in last 12 months,49.4,1,RW,Rwanda,2010,RW2010DHS,DV_SPV1_W_POS,198303060,I,442003,1442003,Region,West,631001,Ever-married,0,0,DVSPV1WPOS,RWDHS2010442003,2010,DHS,710,793,,,1
RWA,North,6543183,Physical or sexual violence committed by husband/partner in last 12 months,41.1,1,RW,Rwanda,2010,RW2010DHS,DV_SPV1_W_POS,198303060,I,442004,1442004,Region,North,631001,Ever-married,0,0,DVSPV1WPOS,RWDHS2010442004,2010,DHS,501,575,,,1
RWA,East,2011190,Physical or sexual violence committed by husband/partner in last 12 months,44.2,1,RW,Rwanda,2010,RW2010DHS,DV_SPV1_W_POS,198303060,I,442005,1442005,Region,East,631001,Ever-married,0,0,DVSPV1WPOS,RWDHS2010442005,2010,DHS,832,871,,,1
RWA,Kigali,4392060,Women with secondary or higher education,42,1,RW,Rwanda,2010,RW2010DHS,ED_EDUC_W_SEH,231203100,I,442001,1442001,Region,Kigali,0,,0,1,EDEDUCWSEH,RWDHS2010442001,2010,DHS,1596,1890,,,1
RWA,South,1211104,Women with secondary or higher education,13.7,1,RW,Rwanda,2010,RW2010DHS,ED_EDUC_W_SEH,231203100,I,442002,1442002,Region,South,0,,0,1,EDEDUCWSEH,RWDHS2010442002,2010,DHS,3212,3340,,,1
RWA,West,3578993,Women with secondary or higher education,12.1,1,RW,Rwanda,2010,RW2010DHS,ED_EDUC_W_SEH,231203100,I,442003,1442003,Region,West,0,,0,1,EDEDUCWSEH,RWDHS2010442003,2010,DHS,3305,3138,,,1
RWA,North,5711895,Women with secondary or higher education,12.5,1,RW,Rwanda,2010,RW2010DHS,ED_EDUC_W_SEH,231203100,I,442004,1442004,Region,North,0,,0,1,EDEDUCWSEH,RWDHS2010442004,2010,DHS,2278,2199,,,1
RWA,East,7335423,Women with secondary or higher education,12.8,1,RW,Rwanda,2010,RW2010DHS,ED_EDUC_W_SEH,231203100,I,442005,1442005,Region,East,0,,0,1,EDEDUCWSEH,RWDHS2010442005,2010,DHS,3280,3104,,,1
RWA,Kigali,3652306,Men with secondary or higher education,43.6,1,RW,Rwanda,2010,RW2010DHS,ED_EDUC_M_SEH,231204230,I,442001,1442001,Region,Kigali,0,,0,1,EDEDUCMSEH,RWDHS2010442001,2010,DHS,739,876,,,1
RWA,South,1211116,Men with secondary or higher education,15.2,1,RW,Rwanda,2010,RW2010DHS,ED_EDUC_M_SEH,231204230,I,442002,1442002,Region,South,0,,0,1,EDEDUCMSEH,RWDHS2010442002,2010,DHS,1308,1373,,,1
RWA,West,4895716,Men with secondary or higher education,19.6,1,RW,Rwanda,2010,RW2010DHS,ED_EDUC_M_SEH,231204230,I,442003,1442003,Region,West,0,,0,1,EDEDUCMSEH,RWDHS2010442003,2010,DHS,1307,1243,,,1
RWA,North,2913092,Men with secondary or higher education,20.6,1,RW,Rwanda,2010,RW2010DHS,ED_EDUC_M_SEH,231204230,I,442004,1442004,Region,North,0,,0,1,EDEDUCMSEH,RWDHS2010442004,2010,DHS,899,859,,,1
RWA,East,2236174,Men with secondary or higher education,15.8,1,RW,Rwanda,2010,RW2010DHS,ED_EDUC_M_SEH,231204230,I,442005,1442005,Region,East,0,,0,1,EDEDUCMSEH,RWDHS2010442005,2010,DHS,1435,1344,,,1
RWA,Kigali,3502798,Women with secondary or higher education,40.4,1,RW,Rwanda,2013,RW2013MIS,ED_EDUC_W_SEH,231203100,I,442001,1442001,Region,Kigali,0,,0,1,EDEDUCWSEH,RWMIS2013442001,2013,MIS,629,900,,,1
RWA,South,4067207,Women with secondary or higher education,13.7,1,RW,Rwanda,2013,RW2013MIS,ED_EDUC_W_SEH,231203100,I,442002,1442002,Region,South,0,,0,1,EDEDUCWSEH,RWMIS2013442002,2013,MIS,1195,1214,,,1
RWA,West,7091580,Women with secondary or higher education,10.6,1,RW,Rwanda,2013,RW2013MIS,ED_EDUC_W_SEH,231203100,I,442003,1442003,Region,West,0,,0,1,EDEDUCWSEH,RWMIS2013442003,2013,MIS,1175,1131,,,1
RWA,North,2939412,Women with secondary or higher education,17,1,RW,Rwanda,2013,RW2013MIS,ED_EDUC_W_SEH,231203100,I,442004,1442004,Region,North,0,,0,1,EDEDUCWSEH,RWMIS2013442004,2013,MIS,813,792,,,1
RWA,East,4820533,Women with secondary or higher education,15.6,1,RW,Rwanda,2013,RW2013MIS,ED_EDUC_W_SEH,231203100,I,442005,1442005,Region,East,0,,0,1,EDEDUCWSEH,RWMIS2013442005,2013,MIS,1323,1098,,,1
RWA,Kigali,3108032,Do not own land [Women],72.8,1,RW,Rwanda,2015,RW2015DHS,WE_OWNA_W_LNO,176263090,I,442001,1442001,Region,Kigali,0,,0,1,WEOWNAWLNO,RWDHS2015442001,2014-15,DHS,1799,1876,,,1
RWA,South,5876002,Do not own land [Women],48.7,1,RW,Rwanda,2015,RW2015DHS,WE_OWNA_W_LNO,176263090,I,442002,1442002,Region,South,0,,0,1,WEOWNAWLNO,RWDHS2015442002,2014-15,DHS,3214,3435,,,1
RWA,West,4232938,Do not own land [Women],57.2,1,RW,Rwanda,2015,RW2015DHS,WE_OWNA_W_LNO,176263090,I,442003,1442003,Region,West,0,,0,1,WEOWNAWLNO,RWDHS2015442003,2014-15,DHS,2965,3060,,,1
RWA,North,2599298,Do not own land [Women],46.4,1,RW,Rwanda,2015,RW2015DHS,WE_OWNA_W_LNO,176263090,I,442004,1442004,Region,North,0,,0,1,WEOWNAWLNO,RWDHS2015442004,2014-15,DHS,2211,2170,,,1
RWA,East,4559673,Do not own land [Women],49.9,1,RW,Rwanda,2015,RW2015DHS,WE_OWNA_W_LNO,176263090,I,442005,1442005,Region,East,0,,0,1,WEOWNAWLNO,RWDHS2015442005,2014-15,DHS,3308,2956,,,1
RWA,Kigali,5894226,Do not own land [Men],66.6,1,RW,Rwanda,2015,RW2015DHS,WE_OWNA_M_LNO,176264090,I,442001,1442001,Region,Kigali,0,,0,1,WEOWNAMLNO,RWDHS2015442001,2014-15,DHS,804,823,,,1
RWA,South,4091581,Do not own land [Men],52.4,1,RW,Rwanda,2015,RW2015DHS,WE_OWNA_M_LNO,176264090,I,442002,1442002,Region,South,0,,0,1,WEOWNAMLNO,RWDHS2015442002,2014-15,DHS,1327,1441,,,1
RWA,West,1673790,Do not own land [Men],54.1,1,RW,Rwanda,2015,RW2015DHS,WE_OWNA_M_LNO,176264090,I,442003,1442003,Region,West,0,,0,1,WEOWNAMLNO,RWDHS2015442003,2014-15,DHS,1182,1209,,,1
RWA,North,5754584,Do not own land [Men],41.9,1,RW,Rwanda,2015,RW2015DHS,WE_OWNA_M_LNO,176264090,I,442004,1442004,Region,North,0,,0,1,WEOWNAMLNO,RWDHS2015442004,2014-15,DHS,851,830,,,1
RWA,East,3598713,Do not own land [Men],49.7,1,RW,Rwanda,2015,RW2015DHS,WE_OWNA_M_LNO,176264090,I,442005,1442005,Region,East,0,,0,1,WEOWNAMLNO,RWDHS2015442005,2014-15,DHS,1413,1282,,,1
RWA,Kigali,3620023,Final say in all of the decisions [Women],71.4,1,RW,Rwanda,2015,RW2015DHS,WE_DMAK_W_3DC,176403040,I,442001,1442001,Region,Kigali,0,,0,1,WEDMAKW3DC,RWDHS2015442001,2014-15,DHS,842,832,,,1
RWA,South,4818674,Final say in all of the decisions [Women],61,1,RW,Rwanda,2015,RW2015DHS,WE_DMAK_W_3DC,176403040,I,442002,1442002,Region,South,0,,0,1,WEDMAKW3DC,RWDHS2015442002,2014-15,DHS,1606,1702,,,1
RWA,West,7544039,Final say in all of the decisions [Women],62.9,1,RW,Rwanda,2015,RW2015DHS,WE_DMAK_W_3DC,176403040,I,442003,1442003,Region,West,0,,0,1,WEDMAKW3DC,RWDHS2015442003,2014-15,DHS,1542,1590,,,1
RWA,North,3912683,Final say in all of the decisions [Women],67.1,1,RW,Rwanda,2015,RW2015DHS,WE_DMAK_W_3DC,176403040,I,442004,1442004,Region,North,0,,0,1,WEDMAKW3DC,RWDHS2015442004,2014-15,DHS,1130,1108,,,1
RWA,East,6113581,Final say in all of the decisions [Women],67.4,1,RW,Rwanda,2015,RW2015DHS,WE_DMAK_W_3DC,176403040,I,442005,1442005,Region,East,0,,0,1,WEDMAKW3DC,RWDHS2015442005,2014-15,DHS,1863,1658,,,1
RWA,Kigali,5517291,Wife beating justified for at least one specific reason [Women],11.7,1,RW,Rwanda,2015,RW2015DHS,WE_AWBT_W_AGR,176433060,I,442001,1442001,Region,Kigali,0,,0,1,WEAWBTWAGR,RWDHS2015442001,2014-15,DHS,1799,1876,,,1
RWA,South,3809062,Wife beating justified for at least one specific reason [Women],50.6,1,RW,Rwanda,2015,RW2015DHS,WE_AWBT_W_AGR,176433060,I,442002,1442002,Region,South,0,,0,1,WEAWBTWAGR,RWDHS2015442002,2014-15,DHS,3214,3435,,,1
RWA,West,4793545,Wife beating justified for at least one specific reason [Women],51.7,1,RW,Rwanda,2015,RW2015DHS,WE_AWBT_W_AGR,176433060,I,442003,1442003,Region,West,0,,0,1,WEAWBTWAGR,RWDHS2015442003,2014-15,DHS,2965,3060,,,1
RWA,North,3521266,Wife beating justified for at least one specific reason [Women],52.8,1,RW,Rwanda,2015,RW2015DHS,WE_AWBT_W_AGR,176433060,I,442004,1442004,Region,North,0,,0,1,WEAWBTWAGR,RWDHS2015442004,2014-15,DHS,2211,2170,,,1
RWA,East,2083311,Wife beating justified for at least one specific reason [Women],31.8,1,RW,Rwanda,2015,RW2015DHS,WE_AWBT_W_AGR,176433060,I,442005,1442005,Region,East,0,,0,1,WEAWBTWAGR,RWDHS2015442005,2014-15,DHS,3308,2956,,,1
RWA,Kigali,3791105,Wife beating justified for at least one specific reason [Men],6.2,1,RW,Rwanda,2015,RW2015DHS,WE_AWBT_M_AGR,176434060,I,442001,1442001,Region,Kigali,0,,0,1,WEAWBTMAGR,RWDHS2015442001,2014-15,DHS,804,823,,,1
RWA,South,7283302,Wife beating justified for at least one specific reason [Men],17.2,1,RW,Rwanda,2015,RW2015DHS,WE_AWBT_M_AGR,176434060,I,442002,1442002,Region,South,0,,0,1,WEAWBTMAGR,RWDHS2015442002,2014-15,DHS,1327,1441,,,1
RWA,West,1970170,Wife beating justified for at least one specific reason [Men],23.4,1,RW,Rwanda,2015,RW2015DHS,WE_AWBT_M_AGR,176434060,I,442003,1442003,Region,West,0,,0,1,WEAWBTMAGR,RWDHS2015442003,2014-15,DHS,1182,1209,,,1
RWA,North,5122932,Wife beating justified for at least one specific reason [Men],27.2,1,RW,Rwanda,2015,RW2015DHS,WE_AWBT_M_AGR,176434060,I,442004,1442004,Region,North,0,,0,1,WEAWBTMAGR,RWDHS2015442004,2014-15,DHS,851,830,,,1
RWA,East,3372823,Wife beating justified for at least one specific reason [Men],14.8,1,RW,Rwanda,2015,RW2015DHS,WE_AWBT_M_AGR,176434060,I,442005,1442005,Region,East,0,,0,1,WEAWBTMAGR,RWDHS2015442005,2014-15,DHS,1413,1282,,,1
RWA,Kigali,6465792,Physical or sexual violence committed by husband/partner in last 12 months,19.1,1,RW,Rwanda,2015,RW2015DHS,DV_SPV1_W_POS,198303060,I,442001,1442001,Region,Kigali,631001,Ever-married,0,0,DVSPV1WPOS,RWDHS2015442001,2014-15,DHS,207,216,,,1
RWA,South,7826542,Physical or sexual violence committed by husband/partner in last 12 months,22,1,RW,Rwanda,2015,RW2015DHS,DV_SPV1_W_POS,198303060,I,442002,1442002,Region,South,631001,Ever-married,0,0,DVSPV1WPOS,RWDHS2015442002,2014-15,DHS,393,460,,,1
RWA,West,5738784,Physical or sexual violence committed by husband/partner in last 12 months,20,1,RW,Rwanda,2015,RW2015DHS,DV_SPV1_W_POS,198303060,I,442003,1442003,Region,West,631001,Ever-married,0,0,DVSPV1WPOS,RWDHS2015442003,2014-15,DHS,353,439,,,1
RWA,North,1301912,Physical or sexual violence committed by husband/partner in last 12 months,22.7,1,RW,Rwanda,2015,RW2015DHS,DV_SPV1_W_POS,198303060,I,442004,1442004,Region,North,631001,Ever-married,0,0,DVSPV1WPOS,RWDHS2015442004,2014-15,DHS,286,316,,,1
RWA,East,6976045,Physical or sexual violence committed by husband/partner in last 12 months,19.5,1,RW,Rwanda,2015,RW2015DHS,DV_SPV1_W_POS,198303060,I,442005,1442005,Region,East,631001,Ever-married,0,0,DVSPV1WPOS,RWDHS2015442005,2014-15,DHS,453,477,,,1
RWA,Kigali,6465793,Physical or sexual or emotional violence committed by husband/partner in last 12 months,24.4,1,RW,Rwanda,2015,RW2015DHS,DV_SPV1_W_ANY,198303070,I,442001,1442001,Region,Kigali,631001,Ever-married,0,0,DVSPV1WANY,RWDHS2015442001,2014-15,DHS,207,216,,,1
RWA,South,7826543,Physical or sexual or emotional violence committed by husband/partner in last 12 months,28.5,1,RW,Rwanda,2015,RW2015DHS,DV_SPV1_W_ANY,198303070,I,442002,1442002,Region,South,631001,Ever-married,0,0,DVSPV1WANY,RWDHS2015442002,2014-15,DHS,393,460,,,1
RWA,West,5738785,Physical or sexual or emotional violence committed by husband/partner in last 12 months,26.4,1,RW,Rwanda,2015,RW2015DHS,DV_SPV1_W_ANY,198303070,I,442003,1442003,Region,West,631001,Ever-married,0,0,DVSPV1WANY,RWDHS2015442003,2014-15,DHS,353,439,,,1
RWA,North,1301913,Physical or sexual or emotional violence committed by husband/partner in last 12 months,28.2,1,RW,Rwanda,2015,RW2015DHS,DV_SPV1_W_ANY,198303070,I,442004,1442004,Region,North,631001,Ever-married,0,0,DVSPV1WANY,RWDHS2015442004,2014-15,DHS,286,316,,,1
RWA,East,6976046,Physical or sexual or emotional violence committed by husband/partner in last 12 months,25.9,1,RW,Rwanda,2015,RW2015DHS,DV_SPV1_W_ANY,198303070,I,442005,1442005,Region,East,631001,Ever-married,0,0,DVSPV1WANY,RWDHS2015442005,2014-15,DHS,453,477,,,1
RWA,Kigali,2615253,Women with secondary or higher education,43.2,1,RW,Rwanda,2015,RW2015DHS,ED_EDUC_W_SEH,231203100,I,442001,1442001,Region,Kigali,0,,0,1,EDEDUCWSEH,RWDHS2015442001,2014-15,DHS,1799,1876,,,1
RWA,South,5674604,Women with secondary or higher education,20.4,1,RW,Rwanda,2015,RW2015DHS,ED_EDUC_W_SEH,231203100,I,442002,1442002,Region,South,0,,0,1,EDEDUCWSEH,RWDHS2015442002,2014-15,DHS,3214,3435,,,1
RWA,West,6027310,Women with secondary or higher education,21.7,1,RW,Rwanda,2015,RW2015DHS,ED_EDUC_W_SEH,231203100,I,442003,1442003,Region,West,0,,0,1,EDEDUCWSEH,RWDHS2015442003,2014-15,DHS,2965,3060,,,1
RWA,North,3020908,Women with secondary or higher education,21.8,1,RW,Rwanda,2015,RW2015DHS,ED_EDUC_W_SEH,231203100,I,442004,1442004,Region,North,0,,0,1,EDEDUCWSEH,RWDHS2015442004,2014-15,DHS,2211,2170,,,1
RWA,East,6972744,Women with secondary or higher education,18,1,RW,Rwanda,2015,RW2015DHS,ED_EDUC_W_SEH,231203100,I,442005,1442005,Region,East,0,,0,1,EDEDUCWSEH,RWDHS2015442005,2014-15,DHS,3308,2956,,,1
RWA,Kigali,5073868,Men with secondary or higher education,40.8,1,RW,Rwanda,2015,RW2015DHS,ED_EDUC_M_SEH,231204230,I,442001,1442001,Region,Kigali,0,,0,1,EDEDUCMSEH,RWDHS2015442001,2014-15,DHS,804,823,,,1
RWA,South,2997995,Men with secondary or higher education,22.5,1,RW,Rwanda,2015,RW2015DHS,ED_EDUC_M_SEH,231204230,I,442002,1442002,Region,South,0,,0,1,EDEDUCMSEH,RWDHS2015442002,2014-15,DHS,1327,1441,,,1
RWA,West,2112555,Men with secondary or higher education,25.5,1,RW,Rwanda,2015,RW2015DHS,ED_EDUC_M_SEH,231204230,I,442003,1442003,Region,West,0,,0,1,EDEDUCMSEH,RWDHS2015442003,2014-15,DHS,1182,1209,,,1
RWA,North,6553957,Men with secondary or higher education,21.8,1,RW,Rwanda,2015,RW2015DHS,ED_EDUC_M_SEH,231204230,I,442004,1442004,Region,North,0,,0,1,EDEDUCMSEH,RWDHS2015442004,2014-15,DHS,851,830,,,1
RWA,East,4501673,Men with secondary or higher education,23.5,1,RW,Rwanda,2015,RW2015DHS,ED_EDUC_M_SEH,231204230,I,442005,1442005,Region,East,0,,0,1,EDEDUCMSEH,RWDHS2015442005,2014-15,DHS,1413,1282,,,1
RWA,Kigali,3592838,Women with secondary or higher education,45.1,1,RW,Rwanda,2017,RW2017MIS,ED_EDUC_W_SEH,231203100,I,442001,1442001,Region,Kigali,0,,0,1,EDEDUCWSEH,RWMIS2017442001,2017,MIS,809,983,,,1
RWA,South,6465361,Women with secondary or higher education,22.3,1,RW,Rwanda,2017,RW2017MIS,ED_EDUC_W_SEH,231203100,I,442002,1442002,Region,South,0,,0,1,EDEDUCWSEH,RWMIS2017442002,2017,MIS,1019,1095,,,1
RWA,West,155890,Women with secondary or higher education,22.9,1,RW,Rwanda,2017,RW2017MIS,ED_EDUC_W_SEH,231203100,I,442003,1442003,Region,West,0,,0,1,EDEDUCWSEH,RWMIS2017442003,2017,MIS,1111,1040,,,1
RWA,North,6317649,Women with secondary or higher education,23.3,1,RW,Rwanda,2017,RW2017MIS,ED_EDUC_W_SEH,231203100,I,442004,1442004,Region,North,0,,0,1,EDEDUCWSEH,RWMIS2017442004,2017,MIS,952,928,,,1
RWA,East,3292815,Women with secondary or higher education,20.5,1,RW,Rwanda,2017,RW2017MIS,ED_EDUC_W_SEH,231203100,I,442005,1442005,Region,East,0,,0,1,EDEDUCWSEH,RWMIS2017442005,2017,MIS,1131,976,,,1
RWA,Kigali,7659144,Do not own land [Women],84,1,RW,Rwanda,2019,RW2019DHS,WE_OWNA_W_LNO,176263090,I,442001,1442001,Region,Kigali,0,,0,1,WEOWNAWLNO,RWDHS2019442001,2019-20,DHS,2166,1921,,,1
RWA,South,4074821,Do not own land [Women],69.5,1,RW,Rwanda,2019,RW2019DHS,WE_OWNA_W_LNO,176263090,I,442002,1442002,Region,South,0,,0,1,WEOWNAWLNO,RWDHS2019442002,2019-20,DHS,3065,3482,,,1
RWA,West,7339127,Do not own land [Women],68.9,1,RW,Rwanda,2019,RW2019DHS,WE_OWNA_W_LNO,176263090,I,442003,1442003,Region,West,0,,0,1,WEOWNAWLNO,RWDHS2019442003,2019-20,DHS,3174,3312,,,1
RWA,North,5792052,Do not own land [Women],55.3,1,RW,Rwanda,2019,RW2019DHS,WE_OWNA_W_LNO,176263090,I,442004,1442004,Region,North,0,,0,1,WEOWNAWLNO,RWDHS2019442004,2019-20,DHS,2226,2294,,,1
RWA,East,3593780,Do not own land [Women],69.7,1,RW,Rwanda,2019,RW2019DHS,WE_OWNA_W_LNO,176263090,I,442005,1442005,Region,East,0,,0,1,WEOWNAWLNO,RWDHS2019442005,2019-20,DHS,4003,3625,,,1
RWA,Kigali,7648589,Do not own land [Men],73.9,1,RW,Rwanda,2019,RW2019DHS,WE_OWNA_M_LNO,176264090,I,442001,1442001,Region,Kigali,0,,0,1,WEOWNAMLNO,RWDHS2019442001,2019-20,DHS,879,766,,,1
RWA,South,5958604,Do not own land [Men],65,1,RW,Rwanda,2019,RW2019DHS,WE_OWNA_M_LNO,176264090,I,442002,1442002,Region,South,0,,0,1,WEOWNAMLNO,RWDHS2019442002,2019-20,DHS,1239,1409,,,1
RWA,West,5676923,Do not own land [Men],69.4,1,RW,Rwanda,2019,RW2019DHS,WE_OWNA_M_LNO,176264090,I,442003,1442003,Region,West,0,,0,1,WEOWNAMLNO,RWDHS2019442003,2019-20,DHS,1268,1334,,,1
RWA,North,1680559,Do not own land [Men],51.4,1,RW,Rwanda,2019,RW2019DHS,WE_OWNA_M_LNO,176264090,I,442004,1442004,Region,North,0,,0,1,WEOWNAMLNO,RWDHS2019442004,2019-20,DHS,886,915,,,1
RWA,East,3261580,Do not own land [Men],66.4,1,RW,Rwanda,2019,RW2019DHS,WE_OWNA_M_LNO,176264090,I,442005,1442005,Region,East,0,,0,1,WEOWNAMLNO,RWDHS2019442005,2019-20,DHS,1574,1409,,,1
RWA,Kigali,7666427,Final say in all of the decisions [Women],68.1,1,RW,Rwanda,2019,RW2019DHS,WE_DMAK_W_3DC,176403040,I,442001,1442001,Region,Kigali,0,,0,1,WEDMAKW3DC,RWDHS2019442001,2019-20,DHS,1006,837,,,1
RWA,South,3221778,Final say in all of the decisions [Women],72.3,1,RW,Rwanda,2019,RW2019DHS,WE_DMAK_W_3DC,176403040,I,442002,1442002,Region,South,0,,0,1,WEDMAKW3DC,RWDHS2019442002,2019-20,DHS,1559,1755,,,1
RWA,West,1680763,Final say in all of the decisions [Women],61.5,1,RW,Rwanda,2019,RW2019DHS,WE_DMAK_W_3DC,176403040,I,442003,1442003,Region,West,0,,0,1,WEDMAKW3DC,RWDHS2019442003,2019-20,DHS,1628,1685,,,1
RWA,North,7149600,Final say in all of the decisions [Women],65.8,1,RW,Rwanda,2019,RW2019DHS,WE_DMAK_W_3DC,176403040,I,442004,1442004,Region,North,0,,0,1,WEDMAKW3DC,RWDHS2019442004,2019-20,DHS,1201,1226,,,1
RWA,East,2497536,Final say in all of the decisions [Women],71.6,1,RW,Rwanda,2019,RW2019DHS,WE_DMAK_W_3DC,176403040,I,442005,1442005,Region,East,0,,0,1,WEDMAKW3DC,RWDHS2019442005,2019-20,DHS,2007,1787,,,1
RWA,Kigali,7638463,Wife beating justified for at least one specific reason [Women],27.3,1,RW,Rwanda,2019,RW2019DHS,WE_AWBT_W_AGR,176433060,I,442001,1442001,Region,Kigali,0,,0,1,WEAWBTWAGR,RWDHS2019442001,2019-20,DHS,2166,1921,,,1
RWA,South,6617775,Wife beating justified for at least one specific reason [Women],59,1,RW,Rwanda,2019,RW2019DHS,WE_AWBT_W_AGR,176433060,I,442002,1442002,Region,South,0,,0,1,WEAWBTWAGR,RWDHS2019442002,2019-20,DHS,3065,3482,,,1
RWA,West,2668663,Wife beating justified for at least one specific reason [Women],58.5,1,RW,Rwanda,2019,RW2019DHS,WE_AWBT_W_AGR,176433060,I,442003,1442003,Region,West,0,,0,1,WEAWBTWAGR,RWDHS2019442003,2019-20,DHS,3174,3312,,,1
RWA,North,1680750,Wife beating justified for at least one specific reason [Women],57.9,1,RW,Rwanda,2019,RW2019DHS,WE_AWBT_W_AGR,176433060,I,442004,1442004,Region,North,0,,0,1,WEAWBTWAGR,RWDHS2019442004,2019-20,DHS,2226,2294,,,1
RWA,East,5358547,Wife beating justified for at least one specific reason [Women],42.6,1,RW,Rwanda,2019,RW2019DHS,WE_AWBT_W_AGR,176433060,I,442005,1442005,Region,East,0,,0,1,WEAWBTWAGR,RWDHS2019442005,2019-20,DHS,4003,3625,,,1
RWA,Kigali,7638629,Wife beating justified for at least one specific reason [Men],11,1,RW,Rwanda,2019,RW2019DHS,WE_AWBT_M_AGR,176434060,I,442001,1442001,Region,Kigali,0,,0,1,WEAWBTMAGR,RWDHS2019442001,2019-20,DHS,879,766,,,1
RWA,South,2567664,Wife beating justified for at least one specific reason [Men],18.7,1,RW,Rwanda,2019,RW2019DHS,WE_AWBT_M_AGR,176434060,I,442002,1442002,Region,South,0,,0,1,WEAWBTMAGR,RWDHS2019442002,2019-20,DHS,1239,1409,,,1
RWA,West,3561451,Wife beating justified for at least one specific reason [Men],26.7,1,RW,Rwanda,2019,RW2019DHS,WE_AWBT_M_AGR,176434060,I,442003,1442003,Region,West,0,,0,1,WEAWBTMAGR,RWDHS2019442003,2019-20,DHS,1268,1334,,,1
RWA,North,1680754,Wife beating justified for at least one specific reason [Men],18,1,RW,Rwanda,2019,RW2019DHS,WE_AWBT_M_AGR,176434060,I,442004,1442004,Region,North,0,,0,1,WEAWBTMAGR,RWDHS2019442004,2019-20,DHS,886,915,,,1
RWA,East,5875992,Wife beating justified for at least one specific reason [Men],14.2,1,RW,Rwanda,2019,RW2019DHS,WE_AWBT_M_AGR,176434060,I,442005,1442005,Region,East,0,,0,1,WEAWBTMAGR,RWDHS2019442005,2019-20,DHS,1574,1409,,,1
RWA,Kigali,1314244,Physical or sexual violence committed by husband/partner in last 12 months,21.6,1,RW,Rwanda,2019,RW2019DHS,DV_SPV1_W_POS,198303060,I,442001,1442001,Region,Kigali,631001,Ever-married,0,0,DVSPV1WPOS,RWDHS2019442001,2019-20,DHS,228,212,,,1
RWA,South,4518137,Physical or sexual violence committed by husband/partner in last 12 months,24.9,1,RW,Rwanda,2019,RW2019DHS,DV_SPV1_W_POS,198303060,I,442002,1442002,Region,South,631001,Ever-married,0,0,DVSPV1WPOS,RWDHS2019442002,2019-20,DHS,368,477,,,1
RWA,West,4470993,Physical or sexual violence committed by husband/partner in last 12 months,27.9,1,RW,Rwanda,2019,RW2019DHS,DV_SPV1_W_POS,198303060,I,442003,1442003,Region,West,631001,Ever-married,0,0,DVSPV1WPOS,RWDHS2019442003,2019-20,DHS,373,456,,,1
RWA,North,3457803,Physical or sexual violence committed by husband/partner in last 12 months,25.5,1,RW,Rwanda,2019,RW2019DHS,DV_SPV1_W_POS,198303060,I,442004,1442004,Region,North,631001,Ever-married,0,0,DVSPV1WPOS,RWDHS2019442004,2019-20,DHS,254,317,,,1
RWA,East,2127136,Physical or sexual violence committed by husband/partner in last 12 months,19.8,1,RW,Rwanda,2019,RW2019DHS,DV_SPV1_W_POS,198303060,I,442005,1442005,Region,East,631001,Ever-married,0,0,DVSPV1WPOS,RWDHS2019442005,2019-20,DHS,479,485,,,1
RWA,Kigali,1314245,Physical or sexual or emotional violence committed by husband/partner in last 12 months,30.2,1,RW,Rwanda,2019,RW2019DHS,DV_SPV1_W_ANY,198303070,I,442001,1442001,Region,Kigali,631001,Ever-married,0,0,DVSPV1WANY,RWDHS2019442001,2019-20,DHS,228,212,,,1
RWA,South,4518138,Physical or sexual or emotional violence committed by husband/partner in last 12 months,30.8,1,RW,Rwanda,2019,RW2019DHS,DV_SPV1_W_ANY,198303070,I,442002,1442002,Region,South,631001,Ever-married,0,0,DVSPV1WANY,RWDHS2019442002,2019-20,DHS,368,477,,,1
RWA,West,4470994,Physical or sexual or emotional violence committed by husband/partner in last 12 months,33.7,1,RW,Rwanda,2019,RW2019DHS,DV_SPV1_W_ANY,198303070,I,442003,1442003,Region,West,631001,Ever-married,0,0,DVSPV1WANY,RWDHS2019442003,2019-20,DHS,373,456,,,1
RWA,North,3457810,Physical or sexual or emotional violence committed by husband/partner in last 12 months,30,1,RW,Rwanda,2019,RW2019DHS,DV_SPV1_W_ANY,198303070,I,442004,1442004,Region,North,631001,Ever-married,0,0,DVSPV1WANY,RWDHS2019442004,2019-20,DHS,254,317,,,1
RWA,East,2127137,Physical or sexual or emotional violence committed by husband/partner in last 12 months,26.3,1,RW,Rwanda,2019,RW2019DHS,DV_SPV1_W_ANY,198303070,I,442005,1442005,Region,East,631001,Ever-married,0,0,DVSPV1WANY,RWDHS2019442005,2019-20,DHS,479,485,,,1
RWA,Kigali,7638535,Women with secondary or higher education,54.8,1,RW,Rwanda,2019,RW2019DHS,ED_EDUC_W_SEH,231203100,I,442001,1442001,Region,Kigali,0,,0,1,EDEDUCWSEH,RWDHS2019442001,2019-20,DHS,2166,1921,,,1
RWA,South,1821019,Women with secondary or higher education,27.9,1,RW,Rwanda,2019,RW2019DHS,ED_EDUC_W_SEH,231203100,I,442002,1442002,Region,South,0,,0,1,EDEDUCWSEH,RWDHS2019442002,2019-20,DHS,3065,3482,,,1
RWA,West,2632217,Women with secondary or higher education,27.1,1,RW,Rwanda,2019,RW2019DHS,ED_EDUC_W_SEH,231203100,I,442003,1442003,Region,West,0,,0,1,EDEDUCWSEH,RWDHS2019442003,2019-20,DHS,3174,3312,,,1
RWA,North,7254374,Women with secondary or higher education,26.9,1,RW,Rwanda,2019,RW2019DHS,ED_EDUC_W_SEH,231203100,I,442004,1442004,Region,North,0,,0,1,EDEDUCWSEH,RWDHS2019442004,2019-20,DHS,2226,2294,,,1
RWA,East,5978794,Women with secondary or higher education,30.6,1,RW,Rwanda,2019,RW2019DHS,ED_EDUC_W_SEH,231203100,I,442005,1442005,Region,East,0,,0,1,EDEDUCWSEH,RWDHS2019442005,2019-20,DHS,4003,3625,,,1
RWA,Kigali,7659269,Men with secondary or higher education,53.1,1,RW,Rwanda,2019,RW2019DHS,ED_EDUC_M_SEH,231204230,I,442001,1442001,Region,Kigali,0,,0,1,EDEDUCMSEH,RWDHS2019442001,2019-20,DHS,879,766,,,1
RWA,South,1235429,Men with secondary or higher education,25.5,1,RW,Rwanda,2019,RW2019DHS,ED_EDUC_M_SEH,231204230,I,442002,1442002,Region,South,0,,0,1,EDEDUCMSEH,RWDHS2019442002,2019-20,DHS,1239,1409,,,1
RWA,West,5385952,Men with secondary or higher education,30.8,1,RW,Rwanda,2019,RW2019DHS,ED_EDUC_M_SEH,231204230,I,442003,1442003,Region,West,0,,0,1,EDEDUCMSEH,RWDHS2019442003,2019-20,DHS,1268,1334,,,1
RWA,North,2920152,Men with secondary or higher education,26.9,1,RW,Rwanda,2019,RW2019DHS,ED_EDUC_M_SEH,231204230,I,442004,1442004,Region,North,0,,0,1,EDEDUCMSEH,RWDHS2019442004,2019-20,DHS,886,915,,,1
RWA,East,1966719,Men with secondary or higher education,28.3,1,RW,Rwanda,2019,RW2019DHS,ED_EDUC_M_SEH,231204230,I,442005,1442005,Region,East,0,,0,1,EDEDUCMSEH,RWDHS2019442005,2019-20,DHS,1574,1409,,,1
